Judul Buku,Penulis,Harga (RM)
Izinkan Aku Mencintai-Mu,Abeben,RM 35.00
Diantara Berjuta Engkaulah Yang Jelita,Aniq Muhai,RM 35.00
Tarbiah Kampus 2,Abeben & Adnin Roslan,RM 40.00
Surat Cinta Dari Tuhan(Sinopsis 30 Juz Quran),Adnin Roslan,RM 60.00
Surat Cinta Untuk Pendosa,Adnin Roslan,RM 30.00
100 Doa Taubat Dari Al-Quran dan Hadith Nabi Muhammad SAW,Tarbiah Sentap,RM 20.00
"Tuhan, Aku Ingin Sembuh",Adnin Roslan,RM 35.00
Parenting Akhir Zaman,Adnin Roslan & Dr Sabariah Faridah,RM 40.00
Aku Juga Punya Hati,Aniq Muhai,RM 35.00
Kombo Koleksi Komik Tarbiah Sentap,Tarbiah Sentap,RM 65.00
"Tuhan, Aku Ingin Cahaya",Adnin Roslan & Aiman Roslan,RM 35.00
Kombo Hijrah ,Adnin Roslan,RM 75.00
[HARD COVER] Surat Cinta Dari Tuhan(Edisi Istimewa),Adnin Roslan,RM 120.00
Teruntuk Jiwa Yang Terluka,Aniq Muhai,RM 30.00
40 Pesan Akhir Zaman ,Syed Salahuddin,RM 40.00
Tarbiah Kampus ,Abeben & Adnin Roslan,RM 35.00
"Tuhan, Aku Ingin Jumpa Nabi",Adnin Roslan,RM 35.00
Menjadi Bidadari Syurga,Aizuddin Hamid,RM 30.00
Healing Dengan Doa,Syed Salahuddin,RM 30.00
Menggapai Cinta Dengan Doa,Syed Salahuddin,RM 35.00
Aku Bukan Ustaz,Najmi Fetih,RM 35.00
Patahnya Sayap Harapan,Najmi Fetih,RM 30.00
Novel Mangkat,Aniq Muhai,RM 35.00
Noktah Dari Palestin ,Aizuddin Hamid,RM 40.00
Khabar Murka Dari Tuhan,Aizuddin Hamid,RM 35.00
Novel Ajari Aku Tentang Cinta,Adnin Roslan,RM 35.00
Khabar Gembira Dari Tuhan,Syed Salahuddin,RM 35.00
KOMBO MEGA KOLEKSI USTAZ ADNIN,Adnin Roslan,RM 460.00
Retaknya Sebuah Percaya,Najmi Fetih,RM 35.00
Novel Izinkan Aku Menacari Tuhan,Aizuddin Hamid,RM 35.00
Koleksi Buku Ustaz Adnin,Adnin Roslan,RM 275.00
Kombo Buku Baru Ustaz Adnin,Adnin Roslan,RM 105.00
Novel Selindung,Aniq Muhai,RM 40.00
Kombo Koleksi Buku Aizuddin Hamid,Aizuddin Hamid,RM 65.00
Kombo Koleksi Buku Aniq Muhai,Aniq Muhai,RM 65.00
Kombo Koleksi Buku Syed Salahuddin,Syed Salahuddin,RM 100.00
Kombo Koleksi Buku Najmi Fetih,Najmi Fetih,RM 100.00
Ini Semua Mitos,Adnin Roslan,RM 30.00
Maksiat Akhir Zaman,Adnin Roslan,RM 30.00
Saat Kiamat Menghampiri,Adnin Roslan,RM 30.00
Surat Untuk Orang Yang Putus Asa,Adnin Roslan,RM 30.00
Ajari Aku Tentang Rindu,Adnin Roslan,RM 35.00
Manga Tarbiah: Analogi Kehidupan,Abe Mat,RM 30.00
Tuhan Aku Ingin Hijrah,Adnin Roslan,RM 40.00